AGENCY_ID,PUB_AGENCY_NAME,AGENCY_TYPE_NAME,POPULATION,POPULATION_GROUP_ID,SUBURBAN_AREA_FLAG,COUNTY_NAME
18753,Palestine,City,17625,9,N,ANDERSON
18754,Frankston,City,1164,11,N,HENDERSON; ANDERSON
18757,Andrews,City,14487,9,N,ANDREWS
18759,Diboll,City,5182,10,N,ANGELINA
18760,Huntington,City,2110,11,N,ANGELINA
18761,Lufkin,City,35007,8,N,ANGELINA
18765,Aransas Pass,City,8414,10,Y,NUECES; ARANSAS; SAN PATRICIO
18766,Rockport,City,10672,9,N,ARANSAS
18768,Archer City,City,1687,11,Y,ARCHER
18770,Armstrong,County,1880,22,Y,ARMSTRONG
18771,Atascosa,County,30189,20,Y,ATASCOSA
18772,Lytle,City,3135,10,Y,BEXAR; MEDINA; ATASCOSA
18773,Pleasanton,City,11006,9,Y,ATASCOSA
18777,Bellville,City,4233,10,Y,AUSTIN
18778,Sealy,City,6484,10,Y,AUSTIN
18779,Wallis,City,1309,11,Y,AUSTIN
18781,Bailey,County,1955,16,N,BAILEY
18782,Muleshoe,City,5005,10,N,BAILEY
18783,Bandera,County,23336,21,Y,BANDERA
18785,Bastrop,City,9479,10,Y,BASTROP
18786,Elgin,City,10567,9,Y,TRAVIS; BASTROP
18787,Smithville,City,4600,10,Y,BASTROP
18789,Seymour,City,2532,10,N,BAYLOR
18790,Bee,County,19746,15,N,BEE
18792,Bell,County,59218,20,Y,BELL
18795,Harker Heights,City,33091,8,Y,BELL
18796,Killeen,City,154417,6,N,BELL
18797,Nolanville,City,6048,10,Y,BELL
18798,Temple,City,79878,7,N,BELL
18800,Morgans Point Resort,City,4738,10,Y,BELL
18802,Independent School District:,Other,0,11,Y,BELL
18804,Salado,City,2393,11,Y,BELL
18806,Bexar,County,298665,19,Y,BEXAR
18807,Alamo Heights,City,8807,10,Y,BEXAR
18808,Balcones Heights,City,3362,10,Y,BEXAR
18809,Castle Hills,City,4509,10,Y,BEXAR
18810,Converse,City,28991,8,Y,BEXAR
18811,Hill Country Village,City,1127,11,Y,BEXAR
18812,Hollywood Park,City,3370,10,Y,BEXAR
18813,Kirby,City,8805,10,Y,BEXAR
18814,Leon Valley,City,12453,9,Y,BEXAR
18815,Olmos Park,City,2492,11,Y,BEXAR
18816,Shavano Park,City,4098,10,Y,BEXAR
18818,Universal City,City,21162,9,Y,BEXAR
18819,Windcrest,City,5930,10,Y,BEXAR
18820,Live Oak,City,16910,9,Y,BEXAR
18821,University of Texas:,University or College,0,11,Y,BEXAR
18822,University of Texas:,University or College,0,11,Y,BEXAR
18823,Independent School District:,Other,0,11,Y,BEXAR
18825,Selma,City,12013,9,Y,COMAL; GUADALUPE; BEXAR
18826,Somerset,City,2000,11,Y,BEXAR
18827,Helotes,City,10301,9,Y,BEXAR
18829,St. Mary's University,University or College,0,11,Y,BEXAR
18832,Fair Oaks Ranch,City,10497,9,Y,COMAL; KENDALL; BEXAR
18834,Blanco,County,7766,16,N,BLANCO
18835,Blanco,City,2103,11,N,BLANCO
18837,Borden,County,653,16,N,BORDEN
18838,Bosque,County,12544,15,N,BOSQUE
18839,Clifton,City,3446,10,N,BOSQUE
18840,Valley Mills,City,1177,11,N,MCLENNAN; BOSQUE
18841,Meridian,City,1515,11,N,BOSQUE
18846,New Boston,City,4588,10,Y,BOWIE
18848,Wake Village,City,5309,10,Y,BOWIE
18849,Hooks,City,2706,10,Y,BOWIE
18851,Alvin,City,27015,8,Y,BRAZORIA
18852,Angleton,City,19500,9,Y,BRAZORIA
18853,Clute,City,11742,9,Y,BRAZORIA
18855,Freeport,City,12144,9,Y,BRAZORIA
18856,Lake Jackson,City,27265,8,Y,BRAZORIA
18857,Manvel,City,13971,9,Y,BRAZORIA
18858,Pearland,City,126111,6,N,FORT BEND; HARRIS; BRAZORIA
18859,Richwood,City,4044,10,Y,BRAZORIA
18860,Sweeny,City,3716,10,Y,BRAZORIA
18861,West Columbia,City,3823,10,Y,BRAZORIA
18863,Brazoria,City,3059,10,Y,BRAZORIA
18866,Surfside Beach,City,591,11,Y,BRAZORIA
18867,Oyster Creek,City,1203,11,Y,BRAZORIA
18868,Iowa Colony,City,3686,10,Y,BRAZORIA
18870,Independent School District:,Other,0,11,Y,BRAZORIA
18871,Brazos,County,24221,21,Y,BRAZOS
18872,Bryan,City,87435,7,N,BRAZOS
18873,College Station,City,120831,6,N,BRAZOS
18874,Texas A&M University:,University or College,0,11,Y,BRAZOS
18875,Brewster,County,3188,16,N,BREWSTER
18876,Alpine,City,5978,10,N,BREWSTER
18877,Sul Ross State University,University or College,0,11,N,BREWSTER
18878,Briscoe,County,1532,16,N,BRISCOE
18879,Brooks,County,2259,16,N,BROOKS
18881,Brown,County,14622,15,N,BROWN
18883,Brownwood,City,18367,9,N,BROWN
18884,Early,City,3205,10,N,BROWN
18885,Burleson,County,12642,21,Y,BURLESON
18886,Caldwell,City,4403,10,Y,BURLESON
18887,Somerville,City,1475,11,Y,BURLESON
18888,Burnet,County,26348,14,N,BURNET
18889,Burnet,City,6455,10,N,BURNET
18890,Marble Falls,City,7157,10,N,BURNET
18891,Bertram,City,1491,11,N,BURNET
18893,Horseshoe Bay,City,4085,10,N,BURNET; LLANO
18895,Caldwell,County,22245,21,Y,CALDWELL
18896,Lockhart,City,14297,9,Y,CALDWELL
18899,Calhoun,County,7219,16,N,CALHOUN
18901,Port Lavaca,City,11817,9,N,CALHOUN
18904,Baird,City,1485,11,Y,CALLAHAN
18907,Brownsville,City,183627,6,N,CAMERON
18908,Combes,City,3002,10,Y,CAMERON
18909,Harlingen,City,65014,7,N,CAMERON
18911,Los Fresnos,City,7929,10,Y,CAMERON
18912,Port Isabel,City,6244,10,Y,CAMERON
18914,Rio Hondo,City,2744,10,Y,CAMERON
18915,San Benito,City,24237,9,Y,CAMERON
18918,South Padre Island,City,2772,10,Y,CAMERON
18919,Texas State Technical College:,University or College,0,11,Y,CAMERON
18921,Independent School District:,Other,0,11,Y,CAMERON
18923,Laguna Vista,City,3183,10,Y,CAMERON
18924,Rancho Viejo,City,2462,11,Y,CAMERON
18925,Camp,County,8412,16,N,CAMP
18926,Pittsburg,City,4717,10,N,CAMP
18929,Cass,County,18996,15,N,CASS
18931,Hughes Springs,City,1704,11,N,MORRIS; CASS
18932,Linden,City,1908,11,N,CASS
18935,Castro,County,3377,16,N,CASTRO
18936,Dimmitt,City,4065,10,N,CASTRO
18938,Chambers,County,33564,20,Y,CHAMBERS
18939,Mont Belvieu,City,6954,10,Y,CHAMBERS
18940,Independent School District:,Other,0,11,Y,CHAMBERS
18941,Cherokee,County,31932,14,N,CHEROKEE
18942,Jacksonville,City,14843,9,N,CHEROKEE
18943,Rusk,City,5606,10,N,CHEROKEE
18946,Cuney,City,140,11,N,CHEROKEE
18947,Childress,County,1269,16,N,CHILDRESS
18948,Childress,City,6039,10,N,CHILDRESS
18951,Cochran,County,2812,16,N,COCHRAN
18956,Santa Anna,City,998,11,N,COLEMAN
18957,Collin,County,45630,20,Y,COLLIN
18959,Celina,City,18165,9,Y,COLLIN
18960,Farmersville,City,3668,10,Y,COLLIN
18961,Frisco,City,212626,6,N,DENTON; COLLIN
18962,McKinney,City,208335,6,N,COLLIN
18963,Plano,City,290786,5,N,DENTON; COLLIN
18964,Prosper,City,27250,8,Y,DENTON; COLLIN
18965,Wylie,City,54460,7,N,DALLAS; ROCKWALL; COLLIN
18966,Princeton,City,15031,9,Y,COLLIN
18967,Melissa,City,13424,9,Y,COLLIN
18968,Murphy,City,20798,9,Y,COLLIN
18969,Parker,City,5364,10,Y,COLLIN
18970,Lavon,City,3944,10,Y,COLLIN
18971,Anna,City,16036,9,Y,COLLIN
18974,Colorado,County,11815,15,N,COLORADO
18975,Columbus,City,3646,10,N,COLORADO
18977,Weimar,City,2235,11,N,COLORADO
18979,New Braunfels,City,94751,7,N,GUADALUPE; COMAL
18980,Garden Ridge,City,4235,10,Y,COMAL
18981,Bulverde,City,5370,10,Y,COMAL
18983,Comanche,City,4183,10,N,COMANCHE
18985,Concho,County,2617,16,N,CONCHO
18987,Cooke,County,23340,15,N,COOKE
18988,Gainesville,City,16986,9,N,COOKE
18991,Coryell,County,30687,20,Y,CORYELL
18993,Gatesville,City,12394,9,Y,CORYELL
18997,Crane,County,1108,16,N,CRANE
18998,Crane,City,3722,10,N,CRANE
18999,Crockett,County,3427,16,N,CROCKETT
19000,Crosby,County,1157,22,Y,CROSBY
19003,Ralls,City,1793,11,Y,CROSBY
19006,Dallam,County,1577,16,N,DALLAM
19007,Dalhart,City,8349,10,N,HARTLEY; DALLAM
19008,Dallas,County,0,22,Y,DALLAS
19009,Addison,City,16778,9,Y,DALLAS
19010,Balch Springs,City,25189,8,Y,DALLAS
19011,Carrollton,City,141745,6,N,COLLIN; DALLAS; DENTON
19012,Cedar Hill,City,48352,8,Y,ELLIS; DALLAS
19013,Cockrell Hill,City,4158,10,Y,DALLAS
19014,Coppell,City,41807,8,Y,DENTON; DALLAS
19015,DeSoto,City,53515,7,N,DALLAS
19016,Duncanville,City,38847,8,Y,DALLAS
19017,Farmers Branch,City,51078,7,N,DALLAS
19018,Garland,City,241845,6,N,COLLIN; DALLAS
19019,Grand Prairie,City,196990,6,N,ELLIS; TARRANT; DALLAS
19020,Highland Park,City,9160,10,Y,DALLAS
19021,Hutchins,City,5941,10,Y,DALLAS
19022,Irving,City,242976,6,N,DALLAS
19024,Lancaster,City,39587,8,Y,DALLAS
19025,Mesquite,City,141325,6,N,KAUFMAN; DALLAS
19026,Richardson,City,124190,6,N,COLLIN; DALLAS
19027,Sachse,City,26799,8,Y,COLLIN; DALLAS
19028,Seagoville,City,17120,9,Y,KAUFMAN; DALLAS
19029,University Park,City,25253,8,Y,DALLAS
19030,Wilmer,City,4919,10,Y,DALLAS
19031,University of Texas:,University or College,0,11,Y,DALLAS
19032,University of Texas:,University or College,0,11,Y,DALLAS
19034,Rowlett,City,68810,7,N,ROCKWALL; DALLAS
19039,Glenn Heights,City,13662,9,Y,ELLIS; DALLAS
19041,Baylor Health Care System,University or College,0,11,Y,DALLAS
19043,Ovilla,City,4247,10,Y,DALLAS; ELLIS
19046,Dawson,County,3332,16,N,DAWSON
19048,Deaf Smith,County,3850,16,N,DEAF SMITH
19050,Delta,County,5324,16,N,DELTA
19052,Denton,County,146209,19,Y,DENTON
19053,Argyle,City,4527,10,Y,DENTON
19054,Denton,City,144569,6,N,DENTON
19055,Lake Dallas,City,8174,10,Y,DENTON
19056,Lewisville,City,110800,6,N,DALLAS; DENTON
19058,Sanger,City,8953,10,Y,COOKE; DENTON
19059,Texas Woman's University,University or College,0,11,Y,DENTON
19061,Flower Mound,City,80907,7,N,TARRANT; DENTON
19062,Little Elm,City,57482,7,N,DENTON
19063,Aubrey,City,5274,10,Y,DENTON
19064,The Colony,City,45419,8,Y,DENTON
19065,Highland Village,City,16848,9,Y,DENTON
19066,Corinth,City,22367,9,Y,DENTON
19067,Double Oak,City,3089,10,Y,DENTON
19068,Hickory Creek,City,4979,10,Y,DENTON
19069,Roanoke,City,9862,10,Y,DENTON
19071,Trophy Club,City,13053,9,Y,TARRANT; DENTON
19072,Ponder,City,2521,10,Y,DENTON
19073,Northlake,City,3582,10,Y,DENTON
19074,DeWitt,County,7704,16,N,DEWITT
19075,Cuero,City,8237,10,N,DEWITT
19081,Donley,County,3220,16,N,DONLEY
19083,Duval,County,5087,16,N,DUVAL
19086,Freer,City,2651,10,N,DUVAL
19087,Eastland,County,6343,16,N,EASTLAND
19088,Cisco,City,3774,10,N,EASTLAND
19089,Eastland,City,3836,10,N,EASTLAND
19090,Gorman,City,1030,11,N,EASTLAND
19094,Odessa,City,126288,6,N,MIDLAND; ECTOR
19095,University of Texas:,University or College,0,11,Y,ECTOR
19098,Ellis,County,63331,20,Y,ELLIS
19099,Ennis,City,20557,9,Y,ELLIS
19101,Italy,City,1928,11,Y,ELLIS
19102,Midlothian,City,34962,8,Y,ELLIS
19104,Palmer,City,2136,11,Y,ELLIS
19105,Red Oak,City,13801,9,Y,ELLIS
19106,Waxahachie,City,39039,8,Y,ELLIS
19107,El Paso,County,84959,20,Y,EL PASO
19108,Anthony,City,5389,10,Y,EL PASO
19109,El Paso,City,685288,4,N,EL PASO
19110,University of Texas:,University or College,0,11,Y,EL PASO
19118,Erath,County,17795,15,N,ERATH
19119,Dublin,City,3546,10,N,ERATH
19120,Stephenville,City,21777,9,N,ERATH
19121,Tarleton State University,University or College,0,11,N,ERATH
19124,Marlin,City,5539,10,Y,FALLS
19126,Fannin,County,19780,15,N,FANNIN
19131,La Grange,City,4680,10,N,FAYETTE
19132,Schulenburg,City,2920,10,N,FAYETTE
19133,Flatonia,City,1436,11,N,FAYETTE
19137,Floyd,County,2981,16,N,FLOYD
19138,Floydada,City,2641,10,N,FLOYD
19140,Foard,County,329,16,N,FOARD
19142,Fort Bend,County,507976,19,Y,FORT BEND
19143,Missouri City,City,76476,7,N,HARRIS; FORT BEND
19144,Richmond,City,12630,9,Y,FORT BEND
19145,Rosenberg,City,39162,8,Y,FORT BEND
19146,Stafford,City,17423,9,Y,HARRIS; FORT BEND
19147,Sugar Land,City,119671,6,N,FORT BEND
19148,Needville,City,3121,10,Y,FORT BEND
19150,Arcola,City,2811,10,Y,FORT BEND
19154,Freestone,County,12257,15,N,FREESTONE
19156,Teague,City,3511,10,N,FREESTONE
19157,Wortham,City,988,11,N,FREESTONE
19159,Pearsall,City,10783,9,N,FRIO
19163,Seminole,City,7978,10,N,GAINES
19164,Galveston,County,42513,20,Y,GALVESTON
19165,Dickinson,City,21364,9,Y,GALVESTON
19166,Friendswood,City,40795,8,Y,HARRIS; GALVESTON
19167,Galveston,City,50751,7,N,GALVESTON
19169,Kemah,City,2046,11,Y,GALVESTON
19170,La Marque,City,17656,9,Y,GALVESTON
19171,League City,City,110518,6,N,HARRIS; GALVESTON
19172,Texas City,City,50660,7,N,GALVESTON
19173,University of Texas:,University or College,0,11,Y,GALVESTON
19175,Jamaica Beach,City,1089,11,Y,GALVESTON
19177,Santa Fe,City,13577,9,Y,GALVESTON
19182,Gillespie,County,15537,15,N,GILLESPIE
19183,Fredericksburg,City,11604,9,N,GILLESPIE
19184,Glasscock,County,1425,16,N,GLASSCOCK
19185,Goliad,County,7683,22,Y,GOLIAD
19190,Waelder,City,1141,11,N,GONZALES
19191,Gray,County,4775,16,N,GRAY
19192,Pampa,City,16975,9,N,GRAY
19193,Grayson,County,42121,20,Y,GRAYSON
19194,Collinsville,City,2000,11,Y,GRAYSON
19195,Denison,City,25858,8,N,GRAYSON
19197,Sherman,City,44611,8,N,GRAYSON
19200,Whitewright,City,1734,11,Y,FANNIN; GRAYSON
19201,Howe,City,3442,10,Y,GRAYSON
19203,Austin College,University or College,0,11,Y,GRAYSON
19204,Tioga,City,1081,11,Y,GRAYSON
19207,Gladewater,City,6333,10,Y,UPSHUR; GREGG
19208,Kilgore,City,15016,9,Y,RUSK; GREGG
19209,Longview,City,81751,7,N,HARRISON; GREGG
19210,White Oak,City,6303,10,Y,GREGG
19211,Grimes,County,20941,15,N,GRIMES
19212,Navasota,City,8104,10,N,GRIMES
19214,Marion,City,1262,11,Y,GUADALUPE
19216,Seguin,City,30513,8,Y,GUADALUPE
19217,Cibolo,City,32777,8,Y,GUADALUPE
19219,Abernathy,City,2694,10,N,LUBBOCK; HALE
19221,Plainview,City,19926,9,N,HALE
19222,Hall,County,803,16,N,HALL
19223,Memphis,City,1983,11,N,HALL
19224,Hamilton,County,4010,16,N,HAMILTON
19225,Hamilton,City,3005,10,N,HAMILTON
19227,Hansford,County,2114,16,N,HANSFORD
19229,Spearman,City,3245,10,N,HANSFORD
19230,Hardeman,County,3227,16,N,HARDEMAN
19233,Hardin,County,33878,20,Y,HARDIN
19235,Silsbee,City,6613,10,Y,HARDIN
19236,Sour Lake,City,1937,11,Y,HARDIN
19237,Lumberton,City,13195,9,Y,HARDIN
19238,Harris,County,1965544,19,Y,HARRIS
19239,Baytown,City,77823,7,N,CHAMBERS; HARRIS
19240,Bellaire,City,19210,9,Y,HARRIS
19241,Deer Park,City,33631,8,Y,HARRIS
19243,Galena Park,City,10740,9,Y,HARRIS
19244,Humble,City,15901,9,Y,HARRIS
19246,Jersey Village,City,7921,10,Y,HARRIS
19247,La Porte,City,35102,8,Y,HARRIS
19248,Pasadena,City,151421,6,N,HARRIS
19249,Seabrook,City,14415,9,Y,HARRIS
19250,South Houston,City,17485,9,Y,HARRIS
19251,Southside Place,City,1902,11,Y,HARRIS
19252,Spring Valley,City,4389,10,Y,HARRIS
19254,Tomball,City,11901,9,Y,HARRIS
19256,Webster,City,11545,9,Y,HARRIS
19258,Katy,City,22797,9,Y,WALLER; FORT BEND; HARRIS
19259,Nassau Bay,City,3968,10,Y,HARRIS
19260,University of Texas:,University or College,0,11,Y,HARRIS
19261,University of Houston:,University or College,0,11,Y,HARRIS
19265,Hedwig Village,City,2643,10,Y,HARRIS
19266,University of Houston:,University or College,0,11,Y,HARRIS
19267,Houston Community College,University or College,0,11,Y,HARRIS
19270,Lone Star College System District ,University or College,0,11,Y,HARRIS
19271,Independent School District:,Other,0,11,Y,HARRIS
19273,"Lakeview, Harrison County",City,6231,10,Y,HARRIS
19275,Port of Houston Authority,Other,0,11,Y,HARRIS
19276,Independent School District:,Other,0,11,Y,HARRIS
19277,Independent School District:,Other,0,11,Y,HARRIS
19278,Independent School District:,Other,0,11,Y,HARRIS
19279,Independent School District:,Other,0,11,Y,HARRIS
19280,St. Thomas University,University or College,0,11,Y,HARRIS
19281,Independent School District:,Other,0,11,Y,HARRIS
19282,Harrison,County,37311,20,Y,HARRISON
19283,Hallsville,City,4382,10,Y,HARRISON
19284,Marshall,City,22755,9,Y,HARRISON
19287,Hartley,County,2905,16,N,HARTLEY
19288,Haskell,County,2445,16,N,HASKELL
19289,Haskell,City,3136,10,N,HASKELL
19291,Hays,County,101906,19,Y,HAYS
19292,San Marcos,City,67432,7,N,CALDWELL; HAYS
19293,Texas State University:,University or College,0,11,Y,HAYS
19294,Kyle,City,51306,7,N,HAYS
19295,Buda,City,18531,9,Y,HAYS
19296,Hemphill,County,3810,16,N,HEMPHILL
19299,Athens,City,12757,9,N,HENDERSON
19301,Seven Points,City,1532,11,N,KAUFMAN; HENDERSON
19302,Gun Barrel City,City,6269,10,N,HENDERSON
19305,Tool,City,2310,11,N,HENDERSON
19308,Hidalgo,County,256027,19,Y,HIDALGO
19309,Alamo,City,20078,9,Y,HIDALGO
19310,Donna,City,16400,9,Y,HIDALGO
19317,Mercedes,City,16699,9,Y,HIDALGO
19320,San Juan,City,37337,8,Y,HIDALGO
19324,Palmview,City,5806,10,Y,HIDALGO
19325,Alton,City,18632,9,Y,HIDALGO
19327,Independent School District:,Other,0,11,Y,HIDALGO
19329,Penitas,City,4756,10,Y,HIDALGO
19331,Palmhurst,City,2753,10,Y,HIDALGO
19332,Hill,County,22898,15,N,HILL
19333,Hillsboro,City,8480,10,N,HILL
19335,Itasca,City,1743,11,N,HILL
19336,Whitney,City,2170,11,N,HILL
19338,Hockley,County,9459,16,N,HOCKLEY
19339,Levelland,City,13502,9,N,HOCKLEY
19344,Hood,County,50579,14,N,HOOD
19345,Granbury,City,11080,9,N,HOOD
19347,Hopkins,County,20050,15,N,HOPKINS
19349,Sulphur Springs,City,16322,9,N,HOPKINS
19350,Houston,County,15049,15,N,HOUSTON
19351,Crockett,City,6327,10,N,HOUSTON
19352,Grapeland,City,1437,11,N,HOUSTON
19353,Howard,County,8438,16,N,HOWARD
19354,Big Spring,City,28294,8,N,HOWARD
19355,Hudspeth,County,5068,22,Y,HUDSPETH
19356,Hunt,County,52864,20,Y,HUNT
19359,Greenville,City,29209,8,Y,HUNT
19361,Texas A&M University:,University or College,0,11,Y,HUNT
19362,Caddo Mills,City,1739,11,Y,HUNT
19368,Borger,City,12318,9,N,HUTCHINSON
19369,Stinnett,City,1759,11,N,HUTCHINSON
19370,Irion,County,1524,22,Y,IRION
19371,Jack,County,4526,16,N,JACK
19373,Jackson,County,6911,16,N,JACKSON
19374,Edna,City,5813,10,N,JACKSON
19377,Jasper,City,7543,10,N,JASPER
19380,Jefferson,County,34157,20,Y,JEFFERSON
19381,Beaumont,City,116766,6,N,JEFFERSON
19382,Groves,City,15412,9,Y,JEFFERSON
19384,Nederland,City,17413,9,Y,JEFFERSON
19386,Port Arthur,City,54257,7,N,ORANGE; JEFFERSON
19387,Port Neches,City,12616,9,Y,JEFFERSON
19389,Jim Hogg,County,5173,16,N,JIM HOGG
19394,Johnson,County,79612,20,Y,JOHNSON
19395,Alvarado,City,4626,10,Y,JOHNSON
19396,Burleson,City,49660,8,Y,TARRANT; JOHNSON
19397,Cleburne,City,31486,8,Y,JOHNSON
19398,Joshua,City,8319,10,Y,JOHNSON
19399,Keene,City,6619,10,Y,JOHNSON
19400,Godley,City,1423,11,Y,JOHNSON
19402,Anson,City,2283,11,Y,JONES
19403,Hamlin,City,2010,11,Y,JONES
19406,Karnes,County,8853,16,N,KARNES
19407,Karnes City,City,3419,10,N,KARNES
19408,Kenedy,City,3357,10,N,KARNES
19409,Kaufman,County,77723,20,Y,KAUFMAN
19410,Forney,City,29366,8,Y,KAUFMAN
19411,Kaufman,City,7930,10,Y,KAUFMAN
19412,Kemp,City,1259,11,Y,KAUFMAN
19413,Terrell,City,19204,9,Y,KAUFMAN
19414,Crandall,City,4147,10,Y,KAUFMAN
19416,Kendall,County,27262,20,Y,KENDALL
19417,Boerne,City,19342,9,Y,KENDALL
19418,Kenedy,County,402,16,N,KENEDY
19421,Kerrville,City,23912,9,N,KERR
19422,Ingram,City,1859,11,N,KERR
19423,Kimble,County,1907,16,N,KIMBLE
19424,Junction,City,2387,11,N,KIMBLE
19428,Kleberg,County,5234,16,N,KLEBERG
19432,Knox City,City,1118,11,N,KNOX
19435,Paris,City,24801,9,N,LAMAR
19437,"Reno, Lamar County",City,3364,10,N,LAMAR
19440,Littlefield,City,5786,10,N,LAMB
19442,Sudan,City,888,11,N,LAMB
19443,Lampasas,County,10728,21,Y,LAMPASAS
19444,Lampasas,City,8132,10,Y,LAMPASAS
19446,Kempner,City,1145,11,Y,LAMPASAS
19449,Lavaca,County,10630,15,N,LAVACA
19450,Hallettsville,City,2645,10,N,LAVACA
19451,Yoakum,City,5956,10,N,DEWITT; LAVACA
19452,Lee,County,10901,15,N,LEE
19453,Giddings,City,5126,10,N,LEE
19455,Leon,County,13662,15,N,LEON
19456,Liberty,County,63237,20,Y,LIBERTY
19458,Dayton,City,8510,10,Y,LIBERTY
19462,Groesbeck,City,4244,10,N,LIMESTONE
19463,Mexia,City,7329,10,N,LIMESTONE
19465,Lipscomb,County,3217,16,N,LIPSCOMB
19467,Three Rivers,City,1960,11,N,LIVE OAK
19468,Llano,County,14440,15,N,LLANO
19469,Llano,City,3525,10,N,LLANO
19470,Sunrise Beach Village,City,806,11,N,LLANO
19471,Loving,County,183,16,N,LOVING
19472,Lubbock,County,31709,20,Y,LUBBOCK
19473,Idalou,City,2308,11,Y,LUBBOCK
19474,Lubbock,City,262146,5,N,LUBBOCK
19477,Texas Tech University:,University or College,0,11,Y,LUBBOCK
19478,Wolfforth,City,5735,10,Y,LUBBOCK
19483,Lynn,County,2569,22,Y,LYNN
19484,Tahoka,City,2647,10,Y,LYNN
19486,McCulloch,County,2650,16,N,MCCULLOCH
19487,Brady,City,5280,10,N,MCCULLOCH
19488,McLennan,County,46585,20,Y,MCLENNAN
19489,Bellmead,City,10835,9,Y,MCLENNAN
19491,Hewitt,City,15092,9,Y,MCLENNAN
19492,Lacy-Lakeview,City,6748,10,Y,MCLENNAN
19493,Lorena,City,1762,11,Y,MCLENNAN
19497,Robinson,City,12087,9,Y,MCLENNAN
19498,Waco,City,140870,6,N,MCLENNAN
19499,West,City,3008,10,Y,MCLENNAN
19500,Woodway,City,9089,10,Y,MCLENNAN
19501,McLennan Community College,University or College,0,11,Y,MCLENNAN
19503,Texas State Technical College:,University or College,0,11,Y,MCLENNAN
19505,Bruceville-Eddy,City,1705,11,Y,FALLS; MCLENNAN
19507,Madison,County,9499,16,N,MADISON
19508,Madisonville,City,4715,10,N,MADISON
19509,Marion,County,7857,16,N,MARION
19510,Jefferson,City,1896,11,N,MARION
19511,Martin,County,2809,22,Y,MARTIN
19512,Stanton,City,3061,10,Y,MARTIN
19513,Mason,County,4290,16,N,MASON
19514,Matagorda,County,14490,15,N,MATAGORDA
19515,Bay City,City,17505,9,N,MATAGORDA
19516,Palacios,City,4516,10,N,MATAGORDA
19517,Independent School District:,Other,0,11,N,MATAGORDA
19520,Medina,County,31021,20,Y,MEDINA
19521,Castroville,City,3159,10,Y,MEDINA
19522,Devine,City,4883,10,Y,MEDINA
19528,Independent School District:,Other,0,11,Y,MIDLAND
19529,Milam,County,12492,15,N,MILAM
19530,Cameron,City,5458,10,N,MILAM
19531,Rockdale,City,5503,10,N,MILAM
19532,Thorndale,City,1304,11,N,WILLIAMSON; MILAM
19533,Mills,County,4846,16,N,MILLS
19536,Montague,County,10631,15,N,MONTAGUE
19537,Bowie,City,5103,10,N,MONTAGUE
19540,Montgomery,County,498315,19,Y,MONTGOMERY
19541,Conroe,City,94451,7,N,MONTGOMERY
19542,Roman Forest,City,2058,11,Y,MONTGOMERY
19543,Patton Village,City,2228,11,Y,MONTGOMERY
19544,Magnolia,City,2193,11,Y,MONTGOMERY
19545,Shenandoah,City,3098,10,Y,MONTGOMERY
19546,Willis,City,7166,10,Y,MONTGOMERY
19548,Oak Ridge North,City,3171,10,Y,MONTGOMERY
19549,Montgomery,City,1488,11,Y,MONTGOMERY
19551,Independent School District:,Other,0,11,Y,MONTGOMERY
19552,Moore,County,3776,16,N,MOORE
19553,Dumas,City,13729,9,N,MOORE
19555,Cactus,City,3250,10,N,MOORE
19557,Daingerfield,City,2362,11,N,MORRIS
19558,Lone Star,City,1472,11,N,MORRIS
19560,Naples,City,1307,11,N,MORRIS
19562,Nacogdoches,County,31296,14,N,NACOGDOCHES
19563,Nacogdoches,City,32873,8,N,NACOGDOCHES
19564,Stephen F. Austin State University,University or College,0,11,N,NACOGDOCHES
19565,Navarro,County,23965,15,N,NAVARRO
19566,Corsicana,City,23914,9,N,NAVARRO
19567,Kerens,City,1519,11,N,NAVARRO
19568,Newton,County,11099,15,N,NEWTON
19569,Nolan,County,2908,16,N,NOLAN
19571,Sweetwater,City,10419,9,N,NOLAN
19574,Corpus Christi,City,329050,5,N,NUECES
19579,Driscoll,City,746,11,Y,NUECES
19581,Perryton,City,8486,10,N,OCHILTREE
19582,Oldham,County,2112,22,Y,OLDHAM
19583,Orange,County,41319,20,Y,ORANGE
19584,Bridge City,City,7864,10,Y,ORANGE
19585,Orange,City,18064,9,Y,ORANGE
19586,Pinehurst,City,1963,11,Y,ORANGE
19587,Vidor,City,10370,9,Y,ORANGE
19588,West Orange,City,3199,10,Y,ORANGE
19590,Palo Pinto,County,14321,15,N,PALO PINTO
19591,Mineral Wells,City,15057,9,N,PARKER; PALO PINTO
19593,Carthage,City,6395,10,N,PANOLA
19594,Parker,County,93307,20,Y,PARKER
19595,Weatherford,City,34522,8,Y,PARKER
19597,Hudson Oaks,City,2587,10,Y,PARKER
19598,Willow Park,City,6096,10,Y,PARKER
19600,Bovina,City,1768,11,N,PARMER
19601,Friona,City,3775,10,N,PARMER
19602,Farwell,City,1283,11,N,PARMER
19604,Fort Stockton,City,8429,10,N,PECOS
19605,Polk,County,42021,14,N,POLK
19606,Livingston,City,5240,10,N,POLK
19607,Corrigan,City,1613,11,N,POLK
19608,Onalaska,City,3006,10,N,POLK
19609,Potter,County,14657,21,Y,POTTER
19610,Amarillo,City,200296,6,N,RANDALL; POTTER
19611,Amarillo College,University or College,0,11,Y,POTTER
19614,Presidio,County,1139,16,N,PRESIDIO
19617,Rains,County,11294,15,N,RAINS
19619,Canyon,City,16263,9,Y,RANDALL
19620,West Texas A&M University,University or College,0,11,Y,RANDALL
19621,Reagan,County,3896,16,N,REAGAN
19623,Real,County,3455,16,N,REAL
19624,Red River,County,7796,16,N,RED RIVER
19626,Bogata,City,1053,11,N,RED RIVER
19628,Pecos,City,10667,9,N,REEVES
19629,Refugio,County,2761,16,N,REFUGIO
19631,Roberts,County,844,16,N,ROBERTS
19632,Robertson,County,8991,22,Y,ROBERTSON
19633,Bremond,City,971,11,Y,ROBERTSON
19634,Calvert,City,1119,11,Y,ROBERTSON
19635,Hearne,City,4345,10,Y,ROBERTSON
19636,Rockwall,County,11874,21,Y,ROCKWALL
19637,Rockwall,City,46867,8,Y,ROCKWALL
19638,Royse City,City,15388,9,Y,HUNT; COLLIN; ROCKWALL
19639,Heath,City,9584,10,Y,ROCKWALL
19640,Runnels,County,3264,16,N,RUNNELS
19641,Ballinger,City,3629,10,N,RUNNELS
19642,Winters,City,2436,11,N,RUNNELS
19643,Miles,City,874,11,N,RUNNELS
19644,Rusk,County,34276,20,Y,RUSK
19645,Henderson,City,13093,9,Y,RUSK
19646,Overton,City,2498,11,Y,SMITH; RUSK
19647,Tatum,City,1384,11,Y,PANOLA; RUSK
19648,Sabine,County,8433,16,N,SABINE
19650,Pineland,City,795,11,N,SABINE
19651,San Augustine,County,6278,16,N,SAN AUGUSTINE
19652,San Augustine,City,1865,11,N,SAN AUGUSTINE
19655,Ingleside,City,10296,9,Y,SAN PATRICIO
19657,Portland,City,17468,9,Y,SAN PATRICIO
19658,Sinton,City,5324,10,Y,SAN PATRICIO
19659,Taft,City,2849,10,Y,SAN PATRICIO
19663,San Saba,City,3164,10,N,SAN SABA
19664,Schleicher,County,2715,16,N,SCHLEICHER
19666,Snyder,City,11004,9,N,SCURRY
19668,Shackelford,County,3241,16,N,SHACKELFORD
19670,Shelby,County,17735,15,N,SHELBY
19671,Center,City,5157,10,N,SHELBY
19675,Arp,City,1037,11,Y,SMITH
19676,Lindale,City,6675,10,Y,SMITH
19678,Tyler,City,108139,6,N,SMITH
19679,Whitehouse,City,9047,10,Y,SMITH
19680,Tyler Junior College,University or College,0,11,Y,SMITH
19681,University of Texas:,University or College,0,11,Y,SMITH
19682,University of Texas:,University or College,0,11,Y,SMITH
19683,Bullard,City,3900,10,Y,CHEROKEE; SMITH
19685,Somervell,County,9170,16,N,SOMERVELL
19687,La Grulla,City,1710,11,N,STARR
19688,Rio Grande City,City,14587,9,N,STARR
19689,Roma,City,11559,9,N,STARR
19691,Stephens,County,3921,16,N,STEPHENS
19692,Breckenridge,City,5386,10,N,STEPHENS
19693,Sterling,County,1306,22,Y,STERLING
19695,Sutton,County,968,16,N,SUTTON
19696,Sonora,City,2765,10,N,SUTTON
19697,Swisher,County,1428,16,N,SWISHER
19699,Tulia,City,4618,10,N,SWISHER
19700,Tarrant,County,47818,20,Y,TARRANT
19701,Arlington,City,402700,5,N,TARRANT
19702,Azle,City,13660,9,Y,PARKER; TARRANT
19703,Bedford,City,49274,8,Y,TARRANT
19705,Blue Mound,City,2450,11,Y,TARRANT
19706,Crowley,City,16909,9,Y,JOHNSON; TARRANT
19707,Dalworthington Gardens,City,2382,11,Y,TARRANT
19708,Euless,City,57881,7,N,TARRANT
19709,Everman,City,6220,10,Y,TARRANT
19710,Forest Hill,City,13058,9,Y,TARRANT
19711,Fort Worth,City,929509,4,N,PARKER; DENTON; TARRANT
19712,Grapevine,City,56343,7,N,TARRANT
19713,Haltom City,City,44037,8,Y,TARRANT
19714,Hurst,City,38796,8,Y,TARRANT
19715,Kennedale,City,8881,10,Y,TARRANT
19716,Lakeside,City,1603,11,Y,TARRANT
19717,Lake Worth,City,4921,10,Y,TARRANT
19718,Mansfield,City,74360,7,N,ELLIS; JOHNSON; TARRANT
19719,North Richland Hills,City,71520,7,N,TARRANT
19721,River Oaks,City,7653,10,Y,TARRANT
19722,Saginaw,City,24822,9,Y,TARRANT
19723,Sansom Park Village,City,5890,10,Y,TARRANT
19724,Watauga,City,24588,9,Y,TARRANT
19725,Westover Hills,City,688,11,Y,TARRANT
19726,Westworth,City,2790,10,Y,TARRANT
19727,White Settlement,City,18051,9,Y,TARRANT
19728,Keller,City,48117,8,Y,TARRANT
19729,Pantego,City,2533,10,Y,TARRANT
19730,Southlake,City,33083,8,Y,DENTON; TARRANT
19731,University of Texas:,University or College,0,11,Y,TARRANT
19733,Dallas-Fort Worth International Airport,Other,0,11,Y,TARRANT
19734,Texas Christian University,University or College,0,11,Y,TARRANT
19735,Colleyville,City,27602,8,Y,TARRANT
19736,Pelican Bay,City,2064,11,Y,TARRANT
19738,Hospital District:,Other,0,11,Y,TARRANT
19740,Abilene,City,124061,6,N,JONES; TAYLOR
19742,Tye,City,1345,11,Y,TAYLOR
19747,Brownfield,City,9324,10,N,TERRY
19749,Titus,County,16701,15,N,TITUS
19750,Mount Pleasant,City,15974,9,N,TITUS
19751,Tom Green,County,17918,21,Y,TOM GREEN
19752,San Angelo,City,101860,6,N,TOM GREEN
19753,Angelo State University,University or College,0,11,Y,TOM GREEN
19755,Travis,County,220173,19,Y,TRAVIS
19756,Austin,City,1000276,3,N,WILLIAMSON; TRAVIS
19757,Manor,City,15569,9,Y,TRAVIS
19759,West Lake Hills,City,3310,10,Y,TRAVIS
19760,University of Texas:,University or College,0,11,Y,TRAVIS
19761,Pflugerville,City,67559,7,N,WILLIAMSON; TRAVIS
19762,Lakeway,City,16537,9,Y,TRAVIS
19763,Sunset Valley,City,675,11,Y,TRAVIS
19764,Lago Vista,City,7740,10,Y,TRAVIS
19766,Mustang Ridge,City,999,11,Y,CALDWELL; TRAVIS
19767,Independent School District:,Other,0,11,Y,TRAVIS
19768,Bee Cave,City,7255,10,Y,TRAVIS
19769,Independent School District:,Other,0,11,Y,TRAVIS
19770,Trinity,County,11841,15,N,TRINITY
19772,Tyler,County,19177,15,N,TYLER
19774,Upshur,County,30683,20,Y,UPSHUR
19775,Big Sandy,City,1418,11,Y,UPSHUR
19776,Gilmer,City,5171,10,Y,UPSHUR
19777,Ore City,City,1238,11,Y,UPSHUR
19779,Upton,County,3682,16,N,UPTON
19782,Uvalde,City,16027,9,N,UVALDE
19784,Val Verde,County,13131,15,N,VAL VERDE
19786,Van Zandt,County,41833,14,N,VAN ZANDT
19789,Grand Saline,City,3178,10,N,VAN ZANDT
19791,Wills Point,City,3667,10,N,VAN ZANDT
19792,Victoria,County,24960,21,Y,VICTORIA
19793,Victoria,City,67407,7,N,VICTORIA
19794,Walker,County,30618,14,N,WALKER
19795,Huntsville,City,42648,8,N,WALKER
19797,Brookshire,City,5948,10,Y,WALLER
19798,Waller,City,3654,10,Y,HARRIS; WALLER
19799,Hempstead,City,8699,10,Y,WALLER
19802,Ward,County,4201,16,N,WARD
19804,Washington,County,17904,15,N,WASHINGTON
19805,Brenham,City,18106,9,N,WASHINGTON
19807,Webb,County,8533,22,Y,WEBB
19808,Laredo,City,265515,5,N,WEBB
19811,Independent School District:,Other,0,11,Y,WEBB
19812,Independent School District:,Other,0,11,Y,WEBB
19813,Wharton,County,21310,15,N,WHARTON
19814,El Campo,City,11523,9,N,WHARTON
19815,Wharton,City,8612,10,N,WHARTON
19816,Wheeler,County,3257,16,N,WHEELER
19820,Electra,City,2723,10,Y,WICHITA
19821,Iowa Park,City,6334,10,Y,WICHITA
19822,Wichita Falls,City,104673,6,N,WICHITA
19823,Midwestern State University,University or College,0,11,Y,WICHITA
19824,Wilbarger,County,2394,16,N,WILBARGER
19825,Vernon,City,10253,9,N,WILBARGER
19826,Willacy,County,7601,16,N,WILLACY
19827,Lyford,City,2531,10,N,WILLACY
19828,Raymondville,City,10833,9,N,WILLACY
19831,Williamson,County,136412,19,Y,WILLIAMSON
19832,Florence,City,1289,11,Y,WILLIAMSON
19833,Georgetown,City,84210,7,N,WILLIAMSON
19835,Hutto,City,29590,8,Y,WILLIAMSON
19836,Round Rock,City,137593,6,N,TRAVIS; WILLIAMSON
19837,Taylor,City,17622,9,Y,WILLIAMSON
19838,Southwestern University,University or College,0,11,Y,WILLIAMSON
19839,Cedar Park,City,82653,7,N,TRAVIS; WILLIAMSON
19840,Leander,City,68571,7,N,TRAVIS; WILLIAMSON
19842,Jarrell,City,1953,11,Y,WILLIAMSON
19843,Wilson,County,39806,20,Y,WILSON
19844,Floresville,City,8247,10,Y,WILSON
19847,Independent School District:,Other,0,11,Y,WILSON
19848,Winkler,County,472,16,N,WINKLER
19850,Wink,City,1039,11,N,WINKLER
19851,Wise,County,53948,20,Y,WISE
19852,Bridgeport,City,6732,10,Y,WISE
19853,Decatur,City,7220,10,Y,WISE
19854,Runaway Bay,City,1612,11,Y,WISE
19856,Hawkins,City,1328,11,N,WOOD
19858,Quitman,City,1854,11,N,WOOD
19859,Winnsboro,City,3302,10,N,FRANKLIN; WOOD
19862,Young,County,6220,16,N,YOUNG
19863,Graham,City,8593,10,N,YOUNG
19864,Olney,City,3080,10,N,YOUNG
19865,Zapata,County,14142,15,N,ZAPATA
19866,Zavala,County,4655,16,N,ZAVALA
19869,Dallas,City,1363028,3,N,DENTON; COLLIN; DALLAS
19870,Houston,City,2346155,3,N,MONTGOMERY; FORT BEND; HARRIS
19871,San Antonio,City,1573189,3,N,MEDINA; BEXAR
22859,Independent School District:,Other,0,11,N,BEXAR
23047,Northeast,City,3485,10,Y,DENTON
23100,Venus,City,4570,10,Y,ELLIS; JOHNSON
23129,Independent School District:,Other,0,11,Y,BRAZORIA
23161,Splendora,City,2337,11,Y,MONTGOMERY
23188,Port of Brownsville,Other,0,11,Y,CAMERON
23200,Moulton,City,901,11,N,LAVACA
25406,Fairview,City,9375,10,Y,COLLIN
25409,Boyd,City,1557,11,Y,WISE
25431,Bartonville,City,1810,11,Y,DENTON
25581,Independent School District:,Other,0,11,Y,GALVESTON
25846,University of Texas:,University or College,0,11,Y,HIDALGO
25878,Independent School District:,Other,0,11,N,CALHOUN
25906,Ysleta del Sur Pueblo Tribal,Tribal,0,11,Y,
26225,Fulshear,City,14094,9,Y,FORT BEND
26227,Independent School District:,Other,0,11,Y,LUBBOCK
26228,Newton,City,2359,11,N,NEWTON
26229,Natalia,City,1610,11,Y,MEDINA
26290,Josephine,City,2182,11,Y,COLLIN
26620,Independent School District:,Other,0,11,Y,BRAZORIA
27047,Chandler,City,3233,10,N,HENDERSON
27340,Log Cabin,City,779,11,N,HENDERSON
27352,Fate,City,16917,9,Y,ROCKWALL
27733,Liberty Hill,City,3345,10,Y,WILLIAMSON
27734,Trinity Valley Community College,University or College,0,11,N,HENDERSON
27735,Brownsboro,City,1309,11,N,HENDERSON
27754,Independent School District:,Other,0,11,N,NAVARRO
28214,Petersburg,City,1124,11,N,HALE
28217,"San Jacinto College,",University or College,0,11,Y,HARRIS
28254,Lubbock Christian University,University or College,0,11,Y,LUBBOCK
28314,Garrison,City,871,11,N,NACOGDOCHES
28334,Independent School District:,Other,0,11,Y,DENTON
28335,Honey Grove,City,1745,11,N,FANNIN
28336,Rogers,City,1255,11,Y,BELL
28594,Lakeport,City,998,11,Y,GREGG
28636,Tenaha,City,1145,11,N,SHELBY
28637,Gunter,City,1696,11,Y,GRAYSON
28674,Alba,City,550,11,N,RAINS; WOOD
28675,Dawson,City,800,11,N,NAVARRO
28676,Independent School District:,Other,0,11,Y,DALLAS
28677,Independent School District:,Other,0,11,Y,WILLIAMSON
28678,Independent School District:,Other,0,11,Y,TARRANT
28679,Independent School District:,Other,0,11,N,KAUFMAN
28794,Dallas County Community College District,University or College,0,11,Y,DALLAS
28795,Emory,City,1368,11,N,RAINS
28814,Kilgore College,University or College,0,11,Y,GREGG
28934,Independent School District:,Other,0,11,N,STARR
28954,Woodsboro,City,1399,11,N,REFUGIO
29015,Savoy,City,876,11,N,FANNIN
29034,Bells,City,1528,11,Y,GRAYSON
29254,Denton County Water District,Other,0,22,Y,DENTON
29475,Independent School District:,Other,0,11,N,WHARTON
29495,Independent School District:,Other,0,11,Y,ATASCOSA
29534,Independent School District:,Other,0,11,Y,BEXAR
29575,Independent School District:,Other,0,11,N,MATAGORDA
29834,Austin Community College District,University or College,0,11,Y,TRAVIS
29874,Maypearl,City,1045,11,Y,ELLIS
29934,Independent School District:,Other,0,11,N,TRINITY
30114,Franklin,City,1649,11,Y,ROBERTSON
30734,Independent School District:,Other,0,11,Y,JOHNSON
30754,Independent School District:,Other,0,11,N,HENDERSON
30874,Brazosport College,University or College,0,11,Y,BRAZORIA
31094,Independent School District:,Other,0,11,Y,DALLAS
31756,Independent School District:,Other,0,11,N,HAMILTON
31994,Independent School District:,Other,0,11,N,ANGELINA
31997,Concordia University,University or College,0,11,Y,TRAVIS
32054,Independent School District:,Other,0,11,N,GONZALES
32135,Independent School District:,Other,0,11,Y,HIDALGO
32174,Independent School District:,Other,0,11,N,KERR
32254,Buffalo,City,1908,11,N,LEON
32808,Independent School District:,Other,0,11,N,MONTGOMERY
