﻿County,CrimeRate_2019
Anderson,24.64
Andrews,28.15
Angelina,40.35
Aransas,48.57
Archer,2.19
Armstrong,11.18
Atascosa,31.52
Austin,14.78
Bailey,12.49
Bandera,15.1
Bastrop,26.74
Baylor,15.8
Bee,21.93
Bell,33.59
Bexar,58.38
Blanco,8.82
Borden,21.71
Bosque,9.27
Bowie,39.96
Brazoria,26.7
Brazos,34.24
Brewster,10.97
Briscoe,3.35
Brooks,28.62
Brown,43.86
Burleson,12.81
Burnet,22.6
Caldwell,15.75
Calhoun,24.79
Callahan,15.39
Cameron,40.37
Camp,19.49
Carson,13.95
Cass,20.77
Castro,14.52
Chambers,32.07
Cherokee,26.11
Childress,11.27
Clay,16.32
Cochran,11.5
Coke,7.45
Coleman,9.29
Collin,17.58
Collingsworth,0
Colorado,17.61
Comal,21.65
Comanche,24.18
Concho,4.33
Cooke,23.46
Coryell,26.99
Cottle,0
Crane,8.51
Crockett,8.4
Crosby,11.9
Culberson,0
Dallam,26.73
Dallas,45.2
Dawson,62.11
Deaf Smith,27.7
Delta,5.46
Denton,20.19
DeWitt,28.81
Dickens,5.88
Dimmit,14.53
Donley,10.17
Duval,23.69
Eastland,15.85
Ector,59.93
Edwards,11.53
Ellis,19.23
El Paso,28
Erath,20.45
Falls,10.84
Fannin,15.67
Fayette,15.7
Fisher,4.21
Floyd,16.13
Foard,3.4
Fort Bend,21.09
Franklin,4.09
Freestone,19.51
Frio,19.22
Gaines,19.55
Galveston,33.84
Garza,5.9
Gillespie,9.97
Glasscock,21.43
Goliad,14.84
Gonzales,23.18
Gray,56.11
Grayson,25.95
Gregg,41.44
Grimes,18.83
Guadalupe,22.44
Hale,27.58
Hall,11.45
Hamilton,10.91
Hansford,5.34
Hardeman,6.16
Hardin,16.25
Harris,55.59
Harrison,30.41
Hartley,3.49
Haskell,9.28
Hays,23.78
Hemphill,3.39
Henderson,18.6
Hidalgo,35.99
Hill,24.81
Hockley,35.97
Hood,21.9
Hopkins,11.2
Houston,15.11
Howard,62.6
Hudspeth,10.06
Hunt,24.75
Hutchinson,32.57
Irion,23.97
Jack,15.28
Jackson,14.52
Jasper,33.9
Jeff Davis,9.43
Jefferson,52.41
Jim Hogg,11.9
Jim Wells,49.23
Johnson,22.87
Jones,13.33
Karnes,28.05
Kaufman,23.94
Kendall,14.96
Kenedy,20.36
Kent,14.06
Kerr,20.79
Kimble,8.36
King,0
Kinney,2.12
Kleberg,43.96
Knox,14.36
Lamar,33.18
Lamb,25.22
Lampasas,25.14
La Salle,10.31
Lavaca,16.49
Lee,18.3
Leon,14.75
Liberty,25.5
Limestone,14.76
Lipscomb,1.79
Live Oak,2.14
Llano,16.21
Loving,152.44
Lubbock,69.37
Lynn,5.71
McCulloch,16.95
McLennan,43.07
McMullen,17.36
Madison,12.14
Marion,15.62
Martin,21.89
Mason,5.6
Matagorda,56.39
Maverick,24.11
Medina,20.66
Menard,6.15
Midland,23.02
Milam,19.69
Mills,9.62
Mitchell,31.57
Montague,19.58
Montgomery,21.77
Moore,22.91
Morris,21.26
Motley,4.07
Nacogdoches,33.78
Navarro,39.44
Newton,14.07
Nolan,33.29
Nueces,60.89
Ochiltree,20.59
Oldham,4.7
Orange,25.01
Palo Pinto,30.42
Panola,34.01
Parker,17.28
Parmer,9.33
Pecos,20.65
Polk,37
Potter,64.27
Presidio,3.24
Rains,6.29
Randall,21.59
Reagan,9.89
Real,20.71
Red River,14.65
Reeves,28.34
Refugio,16.84
Roberts,4.47
Robertson,26.29
Rockwall,18.46
Runnels,12.63
Rusk,34.47
Sabine,10.96
San Augustine,12.34
San Jacinto,17.34
San Patricio,28.39
San Saba,21.81
Schleicher,9.61
Scurry,30.8
Shackelford,3.11
Shelby,25.86
Sherman,4.24
Smith,33.07
Somervell,7.2
Starr,19.57
Stephens,23.95
Sterling,17.33
Stonewall,3.74
Sutton,7.57
Swisher,45.37
Tarrant,38.83
Taylor,47.35
Terrell,0
Terry,21.21
Throckmorton,8.05
Titus,40.54
Tom Green,53.46
Travis,52.32
Trinity,7.37
Tyler,18.65
Upshur,14.47
Upton,11.37
Uvalde,45.16
Val Verde,26.75
Van Zandt,12.12
Victoria,44.16
Walker,24.71
Waller,21.36
Ward,45.86
Washington,30.86
Webb,33.29
Wharton,34.2
Wheeler,5.06
Wichita,50.45
Wilbarger,33.1
Willacy,37.71
Williamson,19.03
Wilson,11.99
Winkler,43.45
Wise,14.86
Wood,13.45
Yoakum,12.97
Young,14.94
Zapata,21.47
Zavala,13.74
