LOCATION_ID,LOCATION_CODE,LOCATION_NAME,Location_Type
1,1,Air/Bus/Train Terminal,Transportation
2,2,Bank/Savings and Loan,Financial
3,3,Bar/Nightclub,Bar/Nightclub
4,4,Church/Synagogue/Temple/Mosque,Religious
5,5,Commercial/Office Building,Commercial/Office
6,6,Construction Site,Constrution
7,7,Convenience Store,Store
8,8,Department/Discount Store,Store
10,10,Field/Woods,Nature
11,11,Government/Public Building,Government
12,12,Grocery/Supermarket,Store
13,13,Highway/Road/Alley/Street/Sidewalk,Highway/Road/Alley/Street/Sidewalk
14,14,Hotel/Motel/Etc.,Hotel/Motel/Etc.
15,15,Jail/Prison/Penitentiary/Corrections Facility,Jail/Prison/Penitentiary/Corrections Facility
16,16,Lake/Waterway/Beach,Nature
17,17,Liquor Store,Store
18,18,Parking/Drop Lot/Garage,Transportation
19,19,Rental Storage Facility,Commercial/Office
20,20,Residence/Home,Residence/Home
21,21,Restaurant,Commercial/Office
22,22,School/College,Education
23,23,Service/Gas Station,Transportation
24,24,Specialty Store,Store
25,25,Other/Unknown,Other/Unknown
26,37,Abandoned/Condemned Structure,Abandoned/Condemned Structure
27,38,Amusement Park,Leisure
28,39,Arena/Stadium/Fairgrounds/Coliseum,Leisure
29,40,ATM Separate from Bank,Financial
30,41,Auto Dealership New/Used,Commercial/Office
31,42,Camp/Campground,Leisure
32,44,Daycare Facility,Education
33,45,Dock/Wharf/Freight/Modal Terminal,Nature
34,46,Farm Facility,Commercial/Office
35,47,Gambling Facility/Casino/Race Track,Leisure
36,48,Industrial Site,Industrial Site
37,49,Military Installation,Government
38,50,Park/Playground,Leisure
39,51,Rest Area,Transportation
40,52,School-College/University,Education
41,53,School-Elementary/Secondary,Education
42,54,Shelter-Mission/Homeless,Shelter-Mission/Homeless
43,55,Shopping Mall,Store
44,56,Tribal Lands,Tribal Lands
45,57,Community Center,Leisure
46,9,Drug Store/Doctor's Office/Hospital,Drug Store/Doctor's Office/Hospital
47,58,Cyberspace,Cyberspace
0,0,Not Specified,Other/Unknown
